Slug;Original Image;Name          (SISO);Tags;ShowInGallery;Product_list
ZU_23_2;ZU_23_2_face;ZU-23  twin  23mm  AA  Gun;Air;0;ZU_23_2
ZSU23-4;ZSU23-4_face;ZSU-23  4  Quad  23mm  AAA;Land;0;ZSU23-4
ZPU-4;ZPU-4_face;ZPU-4;Air;0;ZPU-4
ZILH131;ZILH131_face;ZIL-131 6x6 3500-kg truck;Land;0;ZILH131
Zil;Zil_face;Zil 130;Land;0;Zil
Wiesel_Oselot;Wiesel_Oselot_face;Wiesel  Oselot;Land;0;Wiesel_Oselot
Watchkeeper;Watchkeeper_face;Watchkeeper;Air;0;Watchkeeper
Warrior_ERMP;Warrior_ERMP_face;MQ-1C Warrior;Air;0;Warrior_ERMP
VBL;VBL_face;Panhard V‚hicule Blind‚ L‚ger;Land;0;VBL
VAB_4x4;VAB_4x4_face;VAB  APC;Land;0;VAB_4x4
V-22;V-22_face;Bell  Boeing  V-22  Osprey;Air;0;V-22
UGV_MULE;UGV_MULE_face;UGV  MULE;Land;0;UGV_MULE
U-2_Spy_plane;U-2_Spy_plane_face;Lockheed  U-2;Air;0;U-2_Spy_plane
Type69;Type69_face;Type  69 MBT;Land;0;Type69
TYPE63_ROCKET;TYPE63_ROCKET_face;Type  63  130mm;Land;0;TYPE63_ROCKET
Type_63_MRL;Type_63_MRL_face;Type  63  130mm  Multiple  Rocket  Launcher  MRL;Land;0;Type_63_MRL
Tu22M3;Tu22M3_face;Tu22M3;Air;0;Tu22M3
truck-029_united;truck-029_united_face;truck-029  united;Land;0;truck-029_united
truck-028_M2;truck-028_M2_face;truck-028  M2;Land;0;truck-028_M2
truck-027_UB-16;truck-027_UB-16_face;truck-027  UB-16;Land;0;truck-027_UB-16
truck-025_united;truck-025_united_face;truck-025  united;Land;0;truck-025_united
truck-024_usairways;truck-024_usairways_face;truck-024  usairways;Land;0;truck-024_usairways
truck-010-jingle;truck-010-jingle_face;truck-010-jingle;Land;0;truck-010-jingle
truck_017B;truck_017B_face;truck  017B;Land;0;truck_017B
truck_007;truck_007_face;truck  007;Land;0;truck_007
trailer_generator-002;trailer_generator-002_face;Trailer  generator;Land;0;trailer_generator-002
trailer_generator-001;trailer_generator-001_face;trailer  generator;Land;0;trailer_generator-001
T90;T90_face;T-90  MBT;Land;0;T90
T80UM1;T80UM1_face;T-80  MBT;Land;0;T80UM1
T-45a_Goshawk;T-45a_Goshawk_face;Goshawk  T-45A;Air;0;T-45a_Goshawk
SuperWedge_Launcher;SuperWedge_Launcher_face;SuperWedge_Launcher;Land;0;SuperWedge_Launcher
Su-30MKK;Su-30MKK_face;Su-30MKK;Air;0;Su-30MKK
Su-30MKI;Su-30MKI_face;Su-30MKI;Air;0;Su-30MKI
Su-27;Su-27_face;Sukhoi Su-27  Flanker;Air;0;Su-27
SU-24;SU-24_face;Su-24  Fencer;Air;0;SU-24
SU_37;SU_37_face;Su-37  multirole  fighter;Air;0;SU_37
SU_22_M4;SU_22_M4_face;SU_22_M4;Air;0;SU_22_M4
Stryker(M1126);Stryker(M1126)_face;Stryker M1126;Land;0;Stryker(M1126)
Small_Unmanned_Ground_Vehicle_SUGV;Small_Unmanned_Ground_Vehicle_SUGV_face;FCS  Small  Unattended  Ground  Vehicle;Land;0;Small_Unmanned_Ground_Vehicle_SUGV
Skylark;Skylark_face;Skylark;Air;0;Skylark
Silver_Fox;Silver_Fox_face;Silver  Fox;Air;0;Silver_Fox
Shadow-200;Shadow-200_face;Shadow-200;Air;0;Shadow-200
ScanEagle;ScanEagle_face;Boeing  ScanEagle;Air;0;ScanEagle
Saxon;Saxon_face;AT 105 Saxon;Land;0;Saxon
SA-6;SA-6_face;SA-6  Gainful  SAM  System;Land;0;SA-6
Sa-4;Sa-4_face;SA-4  Ganef  SAM  System;Land;0;Sa-4
Sa-2;Sa-2_face;SA-2  Missile  Launcher;Air;0;Sa-2
SA-19-Grison;SA-19-Grison_face;SA-19  Grison;Land;0;SA-19-Grison
SA-15-Gauntlet;SA-15-Gauntlet_face;SA-15-Gauntlet;Land;0;SA-15-Gauntlet
S-92_Sikorsky;S-92_Sikorsky_face;Sikorsky  S-92;Air;0;S-92_Sikorsky
S60;S60_face;S60;Land;0;S60
S-3B_viking;S-3B_viking_face;Lockheed  S-3  Viking;Air;0;S-3B_viking
S-200_SA-5_GAMMON;S-200_SA-5_GAMMON_face;SA-5  Gammon;Air;0;S-200_SA-5_GAMMON
RSV_Recon_and_Surveillance_Vehicle;RSV_Recon_and_Surveillance_Vehicle_face;FCS  XM1201 RSV;Land;0;RSV_Recon_and_Surveillance_Vehicle
RQ-8A;RQ-8A_face;RQ-8A;Air;0;RQ-8A
RQ-1A_Predator;RQ-1A_Predator_face;RQ Endurance  UAV;Air;0;RQ-1A_Predator
Robot_Talon_SWORD;Robot_Talon_SWORD_face;Robot  Talon  SWORD;Land;0;Robot_Talon_SWORD
Robot_Talon_GRENADE;Robot_Talon_GRENADE_face;Robot  Talon  GRENADE;Land;0;Robot_Talon_GRENADE
Robot_Talon;Robot_Talon_face;FCS  Armed  Robotic  Vehicle-RSTA;Land;0;Robot_Talon
RG-33;RG-33_face;RG-33;Land;0;RG-33
RG-31;RG-31_face;RG-31 Nyala;Land;0;RG-31
RC135;RC135_face;Boeing  RC-135;Air;0;RC135
RAFAEL_Golan;RAFAEL_Golan_face;RAFAEL  Golan;Land;0;RAFAEL_Golan
Pelikan;Pelikan_face;Pelikan;Air;0;Pelikan
PC-9;PC-9_face;Pilatus  Flugzeugwerke  SA  PC-9;Air;0;PC-9
Patrolboat_Sing;Patrolboat_Sing_face;Sawar  Class  inshore  patrol  boat;Surface;0;Patrolboat_Sing
patria;patria_face;patria;Land;0;patria
Pantsyr_S1_Air_Defense;Pantsyr_S1_Air_Defense_face;Pantsyr  S1  Air  Defense;Land;0;Pantsyr_S1_Air_Defense
Pandur_II_6X6_KD-V30;Pandur_II_6X6_KD-V30_face;Pandur  II  6X6  KD-V30;Land;0;Pandur_II_6X6_KD-V30
PAC3_M901;PAC3_M901_face;M901;Land;0;PAC3_M901
pac3;pac3_face;Patriot Advanced Capability-3 (MIM-104 Patriot);Air;0;pac3
Oshkosh_Bushmaster;Oshkosh_Bushmaster_face;Oshkosh  MK48-series  articulated  8x8  vehicle;Land;0;Oshkosh_Bushmaster
Multifunctional_Utility_Logistics_and_Equipment_MULE_Darpa;Multifunctional_Utility_Logistics_and_Equipment_MULE_Darpa_face;Mule RSV;Land;0;Multifunctional_Utility_Logistics_and_Equipment_MULE_Darpa
MULE_Transport;MULE_Transport_face;FCS  MULE  Transport;Land;0;MULE_Transport
MULE_Mine_Clearing;MULE_Mine_Clearing_face;FCS  MULE  Countermine;Land;0;MULE_Mine_Clearing
MULE_Armed_Robotic_Vehicule_ARVA-L;MULE_Armed_Robotic_Vehicule_ARVA-L_face;FCS  Armed  Robotic  vehicle-STA;Land;0;MULE_Armed_Robotic_Vehicule_ARVA-L
Mortar_2S12;Mortar_2S12_face;2S12  120-mm;Land;0;Mortar_2S12
Mortar_2B14_1;Mortar_2B14_1_face;Mortar  2B14  1;Land;0;Mortar_2B14_1
MLRS-M270;MLRS-M270_face;MLRS-M270;Land;0;MLRS-M270
MK_19;MK_19_face;Mk  19  40-mm;Land;0;MK_19
Mirage-5;Mirage-5_face;Mirage-5;Air;0;Mirage-5
Mirage-3;Mirage-3_face;Mirage-3;Air;0;Mirage-3
Mirage_F1;Mirage_F1_face;Mirage  F-1;Air;0;Mirage_F1
MIRAGE_2000C;MIRAGE_2000C_face;Mirage  2000;Air;0;MIRAGE_2000C
Military_Bus;Military_Bus_face;Bus;Land;0;Military_Bus
MIG-31;MIG-31_face;MiG-31  Foxhound;Air;0;MIG-31
MiG-29;MiG-29_face;MiG-29  Fulcrum;Air;0;MiG-29
Mig-25;Mig-25_face;MiG-25  Foxbat;Air;0;Mig-25
Mi-2UPR;Mi-2UPR_face;Mi-2UPR;Land;0;Mi-2UPR
MI-28_Havoc;MI-28_Havoc_face;Mi-28  Havoc;Air;0;MI-28_Havoc
Meerkat;Meerkat_face;Meerkat;Land;0;Meerkat
Medical_Vehicle_MV;Medical_Vehicle_MV_face;FCS  Medical  Vehicle-Evacuation;Land;0;Medical_Vehicle_MV
MAV;MAV_face;MAV;Air;0;MAV
MAG_GPNG_7-62;MAG_GPNG_7-62_face;MAG_GPMG_7-62;Land;0;MAG_GPNG_7-62
M901A3;M901A3_face;M901A1;Land;0;M901A3
M88A2;M88A2_face;M88A2;Land;0;M88A2
M60A3;M60A3_face;M60 MBT;Land;0;M60A3
M40_STAND;M40_STAND_face;106  mm  RCL40  M40;Land;0;M40_STAND
M3_Bradley;M3_Bradley_face;M3 Bradley;Land;0;M3_Bradley
M2-MOUNTED;M2-MOUNTED_face;M2-MOUNTED;Land;0;M2-MOUNTED
M-220_Tow;M-220_Tow_face;M-220  Tow;Land;0;M-220_Tow
m220;m220_face;The M-220 TOW Missile System;Land;0;m220
M2_STAND;M2_STAND_face;M2  60-mm;Land;0;M2_STAND
M1A2;M1A2_face;M1A2;Land;0;M1A2
M115_HOW;M115_HOW_face;M115  8-inch  Howitzer;Land;0;M115_HOW
M1135;M1135_face;M1135;Land;0;M1135
M1133;M1133_face;M1133 Medical Evacuation Vehicle;Land;0;M1133
M1131;M1131_face;M1131;Land;0;M1131
M1130;M1130_face;M1130 Commander's Vehicle;Land;0;M1130
M113;M113_face;FMC  M113;Land;0;M113
M1128;M1128_face;Stryker Mobile Gun System;Land;0;M1128
M1127;M1127_face;M1127 Reconnaissance Vehicle;Land;0;M1127
M1126_M2;M1126_M2_face;M1126  M2;Land;0;M1126_M2
M1117;M1117_face;M1117  Armored  Security  Vehicle;Land;0;M1117
M109A6;M109A6_face;M109  Howitzer;Land;0;M109A6
M1097;M1097_face;M1097 Heavy HMMWV;Land;0;M1097
M1046;M1046_face;M1046  TOW  missile  carrier;Land;0;M1046
M_1089;M_1089_face;M1089  Truck  Wrecker  MTV  Equip  Winch;Land;0;M_1089
Luggage_Cart-001;Luggage_Cart-001_face;Luggage  Cart-001;Land;0;Luggage_Cart-001
Leopard_C2A1_MEXAS;Leopard_C2A1_MEXAS_face;Leopard MBT;Land;0;Leopard_C2A1_MEXAS
Leclerc;Leclerc_face;Leclerc;Land;0;Leclerc
L-159;L-159_face;Aero  L-159;Air;0;L-159
KRAZ_255;KRAZ_255_face;KrAZ-255B  6x6  7500-kg  truck;Land;0;KRAZ_255
KPV-MOUNTED;KPV-MOUNTED_face;KPV-MOUNTED;Land;0;KPV-MOUNTED
KPV_TOWED;KPV_TOWED_face;KPV  TOWED;Land;0;KPV_TOWED
Koni_Class;Koni_Class_face;Koni  Class;Surface;0;Koni_Class
KittyHawk;KittyHawk_face;USS Kitty  Hawk;Surface;0;KittyHawk
KE-3A;KE-3A_face;KE-3A;Air;0;KE-3A
KC-135;KC-135_face;Boeing  KC-135  Stratotanker;Air;0;KC-135
KC-10A;KC-10A_face;KC-10  Extender;Air;0;KC-10A
Jaguar;Jaguar_face;SEPECAT Jaguar;Air;0;Jaguar
J10;J10_face;Chengdu J-10;Air;0;J10
IVMMD_T-MDT;IVMMD_T-MDT_face;IVMMD  T-MDT (Trailer);Land;0;IVMMD_T-MDT
IVMMD_S-MDT;IVMMD_S-MDT_face;IVMMD  S-MDT (Trailer);Land;0;IVMMD_S-MDT
IVMMD_F-MDT;IVMMD_F-MDT_face;IVMMD F-MDT (Trailer);Land;0;IVMMD_F-MDT
Irobot_Packbot_Explorer;Irobot_Packbot_Explorer_face;Irobot  Packbot  Explorer;Land;0;Irobot_Packbot_Explorer
International_MaxxPro_MPV;International_MaxxPro_MPV_face;International MaxxPro;Land;0;International_MaxxPro_MPV
IL-76;IL-76_face;Il-76  Candid;Air;0;IL-76
IED;IED_face;IED;Land;0;IED
Husky;Husky_face;ARV Husky;Land;0;Husky
HMMWV;HMMWV_face;HMMWV  M998-series;Land;0;HMMWV
HAWK;HAWK_face;BAE Hawk;Air;0;HAWK
GMC_Sierra_Utility;GMC_Sierra_Utility_face;GMC  Sierra  Utility;Land;0;GMC_Sierra_Utility
Gaz-66;Gaz-66_face;GAZ-66  4x4  2000-kg  truck;Land;0;Gaz-66
G6_HOWITZER;G6_HOWITZER_face;G6 155-mm Howitzer;Land;0;G6_HOWITZER
G5_155mm;G5_155mm_face;155mm  Gun-Howitzer;Land;0;G5_155mm
FV105;FV105_face;FV 105  Sultan;Land;0;FV105
FV103_Spartan;FV103_Spartan_face;FV103  Spartan;Land;0;FV103_Spartan
FV101_SCORPION;FV101_SCORPION_face;FV  101  Scorpion;Land;0;FV101_SCORPION
Frog-7B;Frog-7B_face;Frog-7 rocket launcher;Land;0;Frog-7B
FRMV_Recovery_and_Maintenance_Vehicle;FRMV_Recovery_and_Maintenance_Vehicle_face;FRMV  Recovery  and  Maintenance  Vehicle;Land;0;FRMV_Recovery_and_Maintenance_Vehicle
FORD350_2_Utility;FORD350_2_Utility_face;FORD350  Bronco 2  Utility;Land;0;FORD350_2_Utility
Ford;Ford_face;Ford;Land;0;Ford
fennek;fennek_face;Fennek;Land;0;fennek
FCS_MULE;FCS_MULE_face;"Multifunction Utility Logistic Equipment
Multifunction Utility/Logistics Equipment Vehicle";Land;0;FCS_MULE
FA-18C;FA-18C_face;FA-18  Hornet;Air;0;FA-18C
F-6A;F-6A_face;F-6A;Air;0;F-6A
F-5;F-5_face;F-5;Air;0;F-5
F4_Phantom;F4_Phantom_face;F-4  Phantom  II;Air;0;F4_Phantom
F-35;F-35_face;F-35;Air;0;F-35
F16;F16_face;F-16  Fighting  Falcon;Air;0;F16
F-15E;F-15E_face;F-15E Strike Eagle;Air;0;F-15E
F-15C;F-15C_face;F-15  Eagle;Air;0;F-15C
F-14A;F-14A_face;F-14A;Air;0;F-14A
F-117;F-117_face;F-117;Air;0;F-117
EA-6B;EA-6B_face;EA-6  Prowler;Air;0;EA-6B
E3A;E3A_face;Boeing  E-3  Sentry;Air;0;E3A
E2C_Hawkeye;E2C_Hawkeye_face;E-2  Hawkeye;Air;0;E2C_Hawkeye
DSHK-MOUNTED;DSHK-MOUNTED_face;DSHK-MOUNTED;Land;0;DSHK-MOUNTED
DSHK;DSHK_face;DSHK;Land;0;DSHK
Dingo;Dingo_face;ATF Dingo;Land;0;Dingo
DDG-1000_Zumwalt;DDG-1000_Zumwalt_face;DDG-1000  Zumwalt;Surface;0;DDG-1000_Zumwalt
Dana_Howitzer-77;Dana_Howitzer-77_face;Dana  Howitzer-77;Land;0;Dana_Howitzer-77
Cougar_H_Series_4X4;Cougar_H_Series_4X4_face;Cougar  H  Series  4X4;Land;0;Cougar_H_Series_4X4
Cougar_6X6;Cougar_6X6_face;Cougar  Type;Land;0;Cougar_6X6
Command_and_Control_Vehicle_C2V;Command_and_Control_Vehicle_C2V_face;FCS  Command  and  Control  Vehicle;Land;0;Command_and_Control_Vehicle_C2V
Class_IV_UAV;Class_IV_UAV_face;FCS  UAV  Class  IV;Air;0;Class_IV_UAV
Class_III_UAV;Class_III_UAV_face;FCS  UAV  Class  III;Air;0;Class_III_UAV
Class_II_UAV;Class_II_UAV_face;FCS  UAV  Class  II;Air;0;Class_II_UAV
Class_I_UAV;Class_I_UAV_face;FCS  UAV  Class  I;Air;0;Class_I_UAV
CHEVY_AFGHAN;CHEVY_AFGHAN_face;CHEVY  AFGHAN;Land;0;CHEVY_AFGHAN
Cheetah;Cheetah_face;Cheetah;Land;0;Cheetah
Challenger1;Challenger1_face;Challenger  MBT;Land;0;Challenger1
CH-47D;CH-47D_face;Boeing  Models  114/414;Air;0;CH-47D
Centauro;Centauro_face;Centauro  B-1;Land;0;Centauro
Caiman;Caiman_face;BAE Caiman;Land;0;Caiman
Caesar;Caesar_face;M109 155-mm SP Howitzer;Land;0;Caesar
C2V;C2V_face;M4 Command and Control Vehicle (C2V);Land;0;C2V
C23_Sherpa;C23_Sherpa_face;Short C-23A  Sherpa;Air;0;C23_Sherpa
C-141B_Starlifter;C-141B_Starlifter_face;C-141B  Starlifter;Air;0;C-141B_Starlifter
C-130;C-130_face;Lockheed  C-130;Air;0;C-130
C-12_Huron;C-12_Huron_face;C-12 Huron;Air;0;C-12_Huron
BV206;BV206_face;bandvagn 206;Land;0;BV206
BULL;BULL_face;BULL;Land;0;BULL
Buffalo;Buffalo_face;Buffalo;Land;0;Buffalo
BTR-80;BTR-80_face;BTR-80;Land;0;BTR-80
BTR_152;BTR_152_face;BTR-152;Land;0;BTR_152
BRDM-2;BRDM-2_face;BRDM-2  Reconnaissance  vehicle;Land;0;BRDM-2
Boeing-737;Boeing-737_face;Boeing  737;Air;0;Boeing-737
Boeing_B-52D;Boeing_B-52D_face;Boeing  B-52  Stratofortress;Air;0;Boeing_B-52D
Boeing_747;Boeing_747_face;Boeing  747-400;Air;0;Boeing_747
BMP-2;BMP-2_face;BMP-2;Land;0;BMP-2
BMD-3;BMD-3_face;BMD-3;Land;0;BMD-3
BMD-2;BMD-2_face;BMD-2;Land;0;BMD-2
BGM-109;BGM-109_face;BGM-109 Tomahawk;Air;0;BGM-109
Bearcat;Bearcat_face;Grumman F8F Bearcat;Air;0;Bearcat
BAe_Hawk_200;BAe_Hawk_200_face;Bae  Hawk;Air;0;BAe_Hawk_200
BAE_Black_Knight;BAE_Black_Knight_face;BAE  Black  Knight;Land;0;BAE_Black_Knight
B-52;B-52_face;B-52;Air;0;B-52
B-2_Spirit;B-2_Spirit_face;B-2_Spirit;Air;0;B-2_Spirit
B-10;B-10_face;B-10  82-mm  recoilless  gun;Land;0;B-10
B-1_Lancer;B-1_Lancer_face;B-1_Lancer;Air;0;B-1_Lancer
AV-8B_Harrier_II;AV-8B_Harrier_II_face;AV-8B_Harrier_II;Air;0;AV-8B_Harrier_II
AS_90;AS_90_face;AS90  155-mm;Land;0;AS_90
Armed_Robotic_Vehicle_ARV;Armed_Robotic_Vehicle_ARV_face;Buffel  ARV;Land;0;Armed_Robotic_Vehicle_ARV
ARH-70;ARH-70_face;ARH-70;Air;0;ARH-70
AN-TWQ-1-Avenger;AN-TWQ-1-Avenger_face;AN-TWQ-1-Avenger;Land;0;AN-TWQ-1-Avenger
AN-2;AN-2_face;An-2-3  Colt;Air;0;AN-2
AMX-30;AMX-30_face;AMX-30;Land;0;AMX-30
Alpha;Alpha_face;Alpha MRAP;Land;0;Alpha
airport;airport_face;airport;Land;0;airport
AH-64D;AH-64D_face;AH-64D;Air;0;AH-64D
AH-64A;AH-64A_face;AH-64  Apache;Air;0;AH-64A
AH-1W;AH-1W_face;AH-1W;Air;0;AH-1W
AAVc7A;AAVc7A_face;AAV7A1 (amphibious assault vehicle);Land;0;AAVc7A
A320;A320_face;A320  AirBus;Air;0;A320
A-10;A-10_face;A-10 Thunderbolt;Air;0;A-10
57MM_S60;57MM_S60_face;S-60  57mm  AA  Gun/57 mm AZP S-60;Land;0;57MM_S60
2S9;2S9_face;2S9;Land;0;2S9
2S12;2S12_face;2S12  120a-mm;Land;0;2S12
120mm_HE;120mm_HE_face;120  mm  HE  FRAG;Land;0;120mm_HE
