Slug;Similar Products
ZU_23_2;
ZSU23-4;
ZPU-4;
ZILH131;
Zil;
Wiesel_Oselot;
Watchkeeper;
Warrior_ERMP;
VBL;
VAB_4x4;
V-22;
UGV_MULE;
U-2_Spy_plane;
Type69;
TYPE63_ROCKET;
Type_63_MRL;
Tu22M3;
truck-029_united;
truck-028_M2;
truck-027_UB-16;
truck-025_united;
truck-024_usairways;
truck-010-jingle;
truck_017B;
truck_007;
trailer_generator-002;
trailer_generator-001;
T90;
T80UM1;
T-45a_Goshawk;
SuperWedge_Launcher;
Su-30MKK;
Su-30MKI;
Su-27;
SU-24;
SU_37;
SU_22_M4;
Stryker(M1126);
Small_Unmanned_Ground_Vehicle_SUGV;
Skylark;
Silver_Fox;
Shadow-200;
ScanEagle;
Saxon;
SA-6;
Sa-4;
Sa-2;
SA-19-Grison;
SA-15-Gauntlet;
S-92_Sikorsky;
S60;
S-3B_viking;
S-200_SA-5_GAMMON;
RSV_Recon_and_Surveillance_Vehicle;
RQ-8A;
RQ-1A_Predator;
Robot_Talon_SWORD;
Robot_Talon_GRENADE;
Robot_Talon;
RG-33;
RG-31;
RC135;
RAFAEL_Golan;
Pelikan;
PC-9;
Patrolboat_Sing;
patria;
Pantsyr_S1_Air_Defense;
Pandur_II_6X6_KD-V30;
PAC3_M901;
pac3;
Oshkosh_Bushmaster;
Multifunctional_Utility_Logistics_and_Equipment_MULE_Darpa;
MULE_Transport;
MULE_Mine_Clearing;
MULE_Armed_Robotic_Vehicule_ARVA-L;
Mortar_2S12;
Mortar_2B14_1;
MLRS-M270;
MK_19;
Mirage-5;
Mirage-3;
Mirage_F1;
MIRAGE_2000C;
Military_Bus;
MIG-31;
MiG-29;
Mig-25;
Mi-2UPR;
MI-28_Havoc;
Meerkat;
Medical_Vehicle_MV;
MAV;
MAG_GPNG_7-62;
M901A3;
M88A2;
M60A3;
M40_STAND;
M3_Bradley;
M2-MOUNTED;
M-220_Tow;
m220;
M2_STAND;
M1A2;
M115_HOW;
M1135;
M1133;
M1131;
M1130;
M113;
M1128;
M1127;
M1126_M2;
M1117;
M109A6;
M1097;
M1046;
M_1089;
Luggage_Cart-001;
Leopard_C2A1_MEXAS;
Leclerc;
L-159;
KRAZ_255;
KPV-MOUNTED;
KPV_TOWED;
Koni_Class;
KittyHawk;
KE-3A;
KC-135;
KC-10A;
Jaguar;
J10;
IVMMD_T-MDT;
IVMMD_S-MDT;
IVMMD_F-MDT;
Irobot_Packbot_Explorer;
International_MaxxPro_MPV;
IL-76;
IED;
Husky;
HMMWV;
HAWK;
GMC_Sierra_Utility;
Gaz-66;
G6_HOWITZER;
G5_155mm;
FV105;
FV103_Spartan;
FV101_SCORPION;
Frog-7B;
FRMV_Recovery_and_Maintenance_Vehicle;
FORD350_2_Utility;
Ford;
fennek;
FCS_MULE;
FA-18C;
F-6A;
F-5;
F4_Phantom;
F-35;
F16;
F-15E;
F-15C;
F-14A;
F-117;
EA-6B;
E3A;
E2C_Hawkeye;
DSHK-MOUNTED;
DSHK;
Dingo;
DDG-1000_Zumwalt;
Dana_Howitzer-77;
Cougar_H_Series_4X4;
Cougar_6X6;
Command_and_Control_Vehicle_C2V;
Class_IV_UAV;
Class_III_UAV;
Class_II_UAV;
Class_I_UAV;
CHEVY_AFGHAN;
Cheetah;
Challenger1;
CH-47D;
Centauro;
Caiman;
Caesar;
C2V;
C23_Sherpa;
C-141B_Starlifter;
C-130;
C-12_Huron;
BV206;
BULL;
Buffalo;
BTR-80;
BTR_152;
BRDM-2;
Boeing-737;
Boeing_B-52D;
Boeing_747;
BMP-2;
BMD-3;
BMD-2;
BGM-109;
Bearcat;
BAe_Hawk_200;
BAE_Black_Knight;
B-52;
B-2_Spirit;
B-10;
B-1_Lancer;
AV-8B_Harrier_II;
AS_90;
Armed_Robotic_Vehicle_ARV;
ARH-70;
AN-TWQ-1-Avenger;
AN-2;
AMX-30;
Alpha;
airport;
AH-64D;
AH-64A;
AH-1W;
AAVc7A;
A320;
A-10;
57MM_S60;
2S9;
2S12;
120mm_HE;
