Slug;Filename;Page Description;Tags;Slug_list
ZU_23_2;ZU_23_2.swf;ZU_23_2;Air;ZU_23_2
ZSU23-4;ZSU23-4.swf;ZSU23-4;Land;ZSU23-4
ZPU-4;ZPU-4.swf;ZPU-4;Air;ZPU-4
ZILH131;ZILH131.swf;ZILH131;Land;ZILH131
Zil;Zil.swf;Zil;Land;Zil
Wiesel_Oselot;Wiesel_Oselot.swf;Wiesel_Oselot;Land;Wiesel_Oselot
Watchkeeper;Watchkeeper.swf;Watchkeeper;Air;Watchkeeper
Warrior_ERMP;Warrior_ERMP.swf;Warrior_ERMP;Air;Warrior_ERMP
VBL;VBL.swf;VBL;Land;VBL
VAB_4x4;VAB_4x4.swf;VAB_4x4;Land;VAB_4x4
V-22;V-22.swf;V-22;Air;V-22
UGV_MULE;UGV_MULE.swf;UGV_MULE;Land;UGV_MULE
U-2_Spy_plane;U-2_Spy_plane.swf;U-2_Spy_plane;Air;U-2_Spy_plane
Type69;Type69.swf;Type69;Land;Type69
TYPE63_ROCKET;TYPE63_ROCKET.swf;TYPE63_ROCKET;Land;TYPE63_ROCKET
Type_63_MRL;Type_63_MRL.swf;Type_63_MRL;Land;Type_63_MRL
Tu22M3;Tu22M3.swf;Tu22M3;Air;Tu22M3
truck-029_united;truck-029_united.swf;truck-029_united;Land;truck-029_united
truck-028_M2;truck-028_M2.swf;truck-028_M2;Land;truck-028_M2
truck-027_UB-16;truck-027_UB-16.swf;truck-027_UB-16;Land;truck-027_UB-16
truck-025_united;truck-025_united.swf;truck-025_united;Land;truck-025_united
truck-024_usairways;truck-024_usairways.swf;truck-024_usairways;Land;truck-024_usairways
truck-010-jingle;truck-010-jingle.swf;truck-010-jingle;Land;truck-010-jingle
truck_017B;truck_017B.swf;truck_017B;Land;truck_017B
truck_007;truck_007.swf;truck_007;Land;truck_007
trailer_generator-002;trailer_generator-002.swf;trailer_generator-002;Land;trailer_generator-002
trailer_generator-001;trailer_generator-001.swf;trailer_generator-001;Land;trailer_generator-001
T90;T90.swf;T90;Land;T90
T80UM1;T80UM1.swf;T80UM1;Land;T80UM1
T-45a_Goshawk;T-45a_Goshawk.swf;T-45a_Goshawk;Air;T-45a_Goshawk
SuperWedge_Launcher;SuperWedge_Launcher.swf;SuperWedge_Launcher;Land;SuperWedge_Launcher
Su-30MKK;Su-30MKK.swf;Su-30MKK;Air;Su-30MKK
Su-30MKI;Su-30MKI.swf;Su-30MKI;Air;Su-30MKI
Su-27;Su-27.swf;Su-27;Air;Su-27
SU-24;SU-24.swf;SU-24;Air;SU-24
SU_37;SU_37.swf;SU_37;Air;SU_37
SU_22_M4;SU_22_M4.swf;SU_22_M4;Air;SU_22_M4
Stryker(M1126);Stryker(M1126).swf;Stryker(M1126);Land;Stryker(M1126)
Small_Unmanned_Ground_Vehicle_SUGV;Small_Unmanned_Ground_Vehicle_SUGV.swf;Small_Unmanned_Ground_Vehicle_SUGV;Land;Small_Unmanned_Ground_Vehicle_SUGV
Skylark;Skylark.swf;Skylark;Air;Skylark
Silver_Fox;Silver_Fox.swf;Silver_Fox;Air;Silver_Fox
Shadow-200;Shadow-200.swf;Shadow-200;Air;Shadow-200
ScanEagle;ScanEagle.swf;ScanEagle;Air;ScanEagle
Saxon;Saxon.swf;Saxon;Land;Saxon
SA-6;SA-6.swf;SA-6;Land;SA-6
Sa-4;Sa-4.swf;Sa-4;Land;Sa-4
Sa-2;Sa-2.swf;Sa-2;Air;Sa-2
SA-19-Grison;SA-19-Grison.swf;SA-19-Grison;Land;SA-19-Grison
SA-15-Gauntlet;SA-15-Gauntlet.swf;SA-15-Gauntlet;Land;SA-15-Gauntlet
S-92_Sikorsky;S-92_Sikorsky.swf;S-92_Sikorsky;Air;S-92_Sikorsky
S60;S60.swf;S60;Land;S60
S-3B_viking;S-3B_viking.swf;S-3B_viking;Air;S-3B_viking
S-200_SA-5_GAMMON;S-200_SA-5_GAMMON.swf;S-200_SA-5_GAMMON;Air;S-200_SA-5_GAMMON
RSV_Recon_and_Surveillance_Vehicle;RSV_Recon_and_Surveillance_Vehicle.swf;RSV_Recon_and_Surveillance_Vehicle;Land;RSV_Recon_and_Surveillance_Vehicle
RQ-8A;RQ-8A.swf;RQ-8A;Air;RQ-8A
RQ-1A_Predator;RQ-1A_Predator.swf;RQ-1A_Predator;Air;RQ-1A_Predator
Robot_Talon_SWORD;Robot_Talon_SWORD.swf;Robot_Talon_SWORD;Land;Robot_Talon_SWORD
Robot_Talon_GRENADE;Robot_Talon_GRENADE.swf;Robot_Talon_GRENADE;Land;Robot_Talon_GRENADE
Robot_Talon;Robot_Talon.swf;Robot_Talon;Land;Robot_Talon
RG-33;RG-33.swf;RG-33;Land;RG-33
RG-31;RG-31.swf;RG-31;Land;RG-31
RC135;RC135.swf;RC135;Air;RC135
RAFAEL_Golan;RAFAEL_Golan.swf;RAFAEL_Golan;Land;RAFAEL_Golan
Pelikan;Pelikan.swf;Pelikan;Air;Pelikan
PC-9;PC-9.swf;PC-9;Air;PC-9
Patrolboat_Sing;Patrolboat_Sing.swf;Patrolboat_Sing;Surface;Patrolboat_Sing
patria;patria.swf;patria;Land;patria
Pantsyr_S1_Air_Defense;Pantsyr_S1_Air_Defense.swf;Pantsyr_S1_Air_Defense;Land;Pantsyr_S1_Air_Defense
Pandur_II_6X6_KD-V30;Pandur_II_6X6_KD-V30.swf;Pandur_II_6X6_KD-V30;Land;Pandur_II_6X6_KD-V30
PAC3_M901;PAC3_M901.swf;PAC3_M901;Land;PAC3_M901
pac3;pac3.swf;pac3;Air;pac3
Oshkosh_Bushmaster;Oshkosh_Bushmaster.swf;Oshkosh_Bushmaster;Land;Oshkosh_Bushmaster
Multifunctional_Utility_Logistics_and_Equipment_MULE_Darpa;Multifunctional_Utility_Logistics_and_Equipment_MULE_Darpa.swf;Multifunctional_Utility_Logistics_and_Equipment_MULE_Darpa;Land;Multifunctional_Utility_Logistics_and_Equipment_MULE_Darpa
MULE_Transport;MULE_Transport.swf;MULE_Transport;Land;MULE_Transport
MULE_Mine_Clearing;MULE_Mine_Clearing.swf;MULE_Mine_Clearing;Land;MULE_Mine_Clearing
MULE_Armed_Robotic_Vehicule_ARVA-L;MULE_Armed_Robotic_Vehicule_ARVA-L.swf;MULE_Armed_Robotic_Vehicule_ARVA-L;Land;MULE_Armed_Robotic_Vehicule_ARVA-L
Mortar_2S12;Mortar_2S12.swf;Mortar_2S12;Land;Mortar_2S12
Mortar_2B14_1;Mortar_2B14_1.swf;Mortar_2B14_1;Land;Mortar_2B14_1
MLRS-M270;MLRS-M270.swf;MLRS-M270;Land;MLRS-M270
MK_19;MK_19.swf;MK_19;Land;MK_19
Mirage-5;Mirage-5.swf;Mirage-5;Air;Mirage-5
Mirage-3;Mirage-3.swf;Mirage-3;Air;Mirage-3
Mirage_F1;Mirage_F1.swf;Mirage_F1;Air;Mirage_F1
MIRAGE_2000C;MIRAGE_2000C.swf;MIRAGE_2000C;Air;MIRAGE_2000C
Military_Bus;Military_Bus.swf;Military_Bus;Land;Military_Bus
MIG-31;MIG-31.swf;MIG-31;Air;MIG-31
MiG-29;MiG-29.swf;MiG-29;Air;MiG-29
Mig-25;Mig-25.swf;Mig-25;Air;Mig-25
Mi-2UPR;Mi-2UPR.swf;Mi-2UPR;Land;Mi-2UPR
MI-28_Havoc;MI-28_Havoc.swf;MI-28_Havoc;Air;MI-28_Havoc
Meerkat;Meerkat.swf;Meerkat;Land;Meerkat
Medical_Vehicle_MV;Medical_Vehicle_MV.swf;Medical_Vehicle_MV;Land;Medical_Vehicle_MV
MAV;MAV.swf;MAV;Air;MAV
MAG_GPNG_7-62;MAG_GPNG_7-62.swf;MAG_GPNG_7-62;Land;MAG_GPNG_7-62
M901A3;M901A3.swf;M901A3;Land;M901A3
M88A2;M88A2.swf;M88A2;Land;M88A2
M60A3;M60A3.swf;M60A3;Land;M60A3
M40_STAND;M40_STAND.swf;M40_STAND;Land;M40_STAND
M3_Bradley;M3_Bradley.swf;M3_Bradley;Land;M3_Bradley
M2-MOUNTED;M2-MOUNTED.swf;M2-MOUNTED;Land;M2-MOUNTED
M-220_Tow;M-220_Tow.swf;M-220_Tow;Land;M-220_Tow
m220;m220.swf;m220;Land;m220
M2_STAND;M2_STAND.swf;M2_STAND;Land;M2_STAND
M1A2;M1A2.swf;M1A2;Land;M1A2
M115_HOW;M115_HOW.swf;M115_HOW;Land;M115_HOW
M1135;M1135.swf;M1135;Land;M1135
M1133;M1133.swf;M1133;Land;M1133
M1131;M1131.swf;M1131;Land;M1131
M1130;M1130.swf;M1130;Land;M1130
M113;M113.swf;M113;Land;M113
M1128;M1128.swf;M1128;Land;M1128
M1127;M1127.swf;M1127;Land;M1127
M1126_M2;M1126_M2.swf;M1126_M2;Land;M1126_M2
M1117;M1117.swf;M1117;Land;M1117
M109A6;M109A6.swf;M109A6;Land;M109A6
M1097;M1097.swf;M1097;Land;M1097
M1046;M1046.swf;M1046;Land;M1046
M_1089;M_1089.swf;M_1089;Land;M_1089
Luggage_Cart-001;Luggage_Cart-001.swf;Luggage_Cart-001;Land;Luggage_Cart-001
Leopard_C2A1_MEXAS;Leopard_C2A1_MEXAS.swf;Leopard_C2A1_MEXAS;Land;Leopard_C2A1_MEXAS
Leclerc;Leclerc.swf;Leclerc;Land;Leclerc
L-159;L-159.swf;L-159;Air;L-159
KRAZ_255;KRAZ_255.swf;KRAZ_255;Land;KRAZ_255
KPV-MOUNTED;KPV-MOUNTED.swf;KPV-MOUNTED;Land;KPV-MOUNTED
KPV_TOWED;KPV_TOWED.swf;KPV_TOWED;Land;KPV_TOWED
Koni_Class;Koni_Class.swf;Koni_Class;Surface;Koni_Class
KittyHawk;KittyHawk.swf;KittyHawk;Surface;KittyHawk
KE-3A;KE-3A.swf;KE-3A;Air;KE-3A
KC-135;KC-135.swf;KC-135;Air;KC-135
KC-10A;KC-10A.swf;KC-10A;Air;KC-10A
Jaguar;Jaguar.swf;Jaguar;Air;Jaguar
J10;J10.swf;J10;Air;J10
IVMMD_T-MDT;IVMMD_T-MDT.swf;IVMMD_T-MDT;Land;IVMMD_T-MDT
IVMMD_S-MDT;IVMMD_S-MDT.swf;IVMMD_S-MDT;Land;IVMMD_S-MDT
IVMMD_F-MDT;IVMMD_F-MDT.swf;IVMMD_F-MDT;Land;IVMMD_F-MDT
Irobot_Packbot_Explorer;Irobot_Packbot_Explorer.swf;Irobot_Packbot_Explorer;Land;Irobot_Packbot_Explorer
International_MaxxPro_MPV;International_MaxxPro_MPV.swf;International_MaxxPro_MPV;Land;International_MaxxPro_MPV
IL-76;IL-76.swf;IL-76;Air;IL-76
IED;IED.swf;IED;Land;IED
Husky;Husky.swf;Husky;Land;Husky
HMMWV;HMMWV.swf;HMMWV;Land;HMMWV
HAWK;HAWK.swf;HAWK;Air;HAWK
GMC_Sierra_Utility;GMC_Sierra_Utility.swf;GMC_Sierra_Utility;Land;GMC_Sierra_Utility
Gaz-66;Gaz-66.swf;Gaz-66;Land;Gaz-66
G6_HOWITZER;G6_HOWITZER.swf;G6_HOWITZER;Land;G6_HOWITZER
G5_155mm;G5_155mm.swf;G5_155mm;Land;G5_155mm
FV105;FV105.swf;FV105;Land;FV105
FV103_Spartan;FV103_Spartan.swf;FV103_Spartan;Land;FV103_Spartan
FV101_SCORPION;FV101_SCORPION.swf;FV101_SCORPION;Land;FV101_SCORPION
Frog-7B;Frog-7B.swf;Frog-7B;Land;Frog-7B
FRMV_Recovery_and_Maintenance_Vehicle;FRMV_Recovery_and_Maintenance_Vehicle.swf;FRMV_Recovery_and_Maintenance_Vehicle;Land;FRMV_Recovery_and_Maintenance_Vehicle
FORD350_2_Utility;FORD350_2_Utility.swf;FORD350_2_Utility;Land;FORD350_2_Utility
Ford;Ford.swf;Ford;Land;Ford
fennek;fennek.swf;fennek;Land;fennek
FCS_MULE;FCS_MULE.swf;FCS_MULE;Land;FCS_MULE
FA-18C;FA-18C.swf;FA-18C;Air;FA-18C
F-6A;F-6A.swf;F-6A;Air;F-6A
F-5;F-5.swf;F-5;Air;F-5
F4_Phantom;F4_Phantom.swf;F4_Phantom;Air;F4_Phantom
F-35;F-35.swf;F-35;Air;F-35
F16;F16.swf;F16;Air;F16
F-15E;F-15E.swf;F-15E;Air;F-15E
F-15C;F-15C.swf;F-15C;Air;F-15C
F-14A;F-14A.swf;F-14A;Air;F-14A
F-117;F-117.swf;F-117;Air;F-117
EA-6B;EA-6B.swf;EA-6B;Air;EA-6B
E3A;E3A.swf;E3A;Air;E3A
E2C_Hawkeye;E2C_Hawkeye.swf;E2C_Hawkeye;Air;E2C_Hawkeye
DSHK-MOUNTED;DSHK-MOUNTED.swf;DSHK-MOUNTED;Land;DSHK-MOUNTED
DSHK;DSHK.swf;DSHK;Land;DSHK
Dingo;Dingo.swf;Dingo;Land;Dingo
DDG-1000_Zumwalt;DDG-1000_Zumwalt.swf;DDG-1000_Zumwalt;Surface;DDG-1000_Zumwalt
Dana_Howitzer-77;Dana_Howitzer-77.swf;Dana_Howitzer-77;Land;Dana_Howitzer-77
Cougar_H_Series_4X4;Cougar_H_Series_4X4.swf;Cougar_H_Series_4X4;Land;Cougar_H_Series_4X4
Cougar_6X6;Cougar_6X6.swf;Cougar_6X6;Land;Cougar_6X6
Command_and_Control_Vehicle_C2V;Command_and_Control_Vehicle_C2V.swf;Command_and_Control_Vehicle_C2V;Land;Command_and_Control_Vehicle_C2V
Class_IV_UAV;Class_IV_UAV.swf;Class_IV_UAV;Air;Class_IV_UAV
Class_III_UAV;Class_III_UAV.swf;Class_III_UAV;Air;Class_III_UAV
Class_II_UAV;Class_II_UAV.swf;Class_II_UAV;Air;Class_II_UAV
Class_I_UAV;Class_I_UAV.swf;Class_I_UAV;Air;Class_I_UAV
CHEVY_AFGHAN;CHEVY_AFGHAN.swf;CHEVY_AFGHAN;Land;CHEVY_AFGHAN
Cheetah;Cheetah.swf;Cheetah;Land;Cheetah
Challenger1;Challenger1.swf;Challenger1;Land;Challenger1
CH-47D;CH-47D.swf;CH-47D;Air;CH-47D
Centauro;Centauro.swf;Centauro;Land;Centauro
Caiman;Caiman.swf;Caiman;Land;Caiman
Caesar;Caesar.swf;Caesar;Land;Caesar
C2V;C2V.swf;C2V;Land;C2V
C23_Sherpa;C23_Sherpa.swf;C23_Sherpa;Air;C23_Sherpa
C-141B_Starlifter;C-141B_Starlifter.swf;C-141B_Starlifter;Air;C-141B_Starlifter
C-130;C-130.swf;C-130;Air;C-130
C-12_Huron;C-12_Huron.swf;C-12_Huron;Air;C-12_Huron
BV206;BV206.swf;BV206;Land;BV206
BULL;BULL.swf;BULL;Land;BULL
Buffalo;Buffalo.swf;Buffalo;Land;Buffalo
BTR-80;BTR-80.swf;BTR-80;Land;BTR-80
BTR_152;BTR_152.swf;BTR_152;Land;BTR_152
BRDM-2;BRDM-2.swf;BRDM-2;Land;BRDM-2
Boeing-737;Boeing-737.swf;Boeing-737;Air;Boeing-737
Boeing_B-52D;Boeing_B-52D.swf;Boeing_B-52D;Air;Boeing_B-52D
Boeing_747;Boeing_747.swf;Boeing_747;Air;Boeing_747
BMP-2;BMP-2.swf;BMP-2;Land;BMP-2
BMD-3;BMD-3.swf;BMD-3;Land;BMD-3
BMD-2;BMD-2.swf;BMD-2;Land;BMD-2
BGM-109;BGM-109.swf;BGM-109;Air;BGM-109
Bearcat;Bearcat.swf;Bearcat;Air;Bearcat
BAe_Hawk_200;BAe_Hawk_200.swf;BAe_Hawk_200;Air;BAe_Hawk_200
BAE_Black_Knight;BAE_Black_Knight.swf;BAE_Black_Knight;Land;BAE_Black_Knight
B-52;B-52.swf;B-52;Air;B-52
B-2_Spirit;B-2_Spirit.swf;B-2_Spirit;Air;B-2_Spirit
B-10;B-10.swf;B-10;Land;B-10
B-1_Lancer;B-1_Lancer.swf;B-1_Lancer;Air;B-1_Lancer
AV-8B_Harrier_II;AV-8B_Harrier_II.swf;AV-8B_Harrier_II;Air;AV-8B_Harrier_II
AS_90;AS_90.swf;AS_90;Land;AS_90
Armed_Robotic_Vehicle_ARV;Armed_Robotic_Vehicle_ARV.swf;Armed_Robotic_Vehicle_ARV;Land;Armed_Robotic_Vehicle_ARV
ARH-70;ARH-70.swf;ARH-70;Air;ARH-70
AN-TWQ-1-Avenger;AN-TWQ-1-Avenger.swf;AN-TWQ-1-Avenger;Land;AN-TWQ-1-Avenger
AN-2;AN-2.swf;AN-2;Air;AN-2
AMX-30;AMX-30.swf;AMX-30;Land;AMX-30
Alpha;Alpha.swf;Alpha;Land;Alpha
airport;airport.swf;airport;Land;airport
AH-64D;AH-64D.swf;AH-64D;Air;AH-64D
AH-64A;AH-64A.swf;AH-64A;Air;AH-64A
AH-1W;AH-1W.swf;AH-1W;Air;AH-1W
AAVc7A;AAVc7A.swf;AAVc7A;Land;AAVc7A
A320;A320.swf;A320;Air;A320
A-10;A-10.swf;A-10;Air;A-10
57MM_S60;57MM_S60.swf;57MM_S60;Land;57MM_S60
2S9;2S9.swf;2S9;Land;2S9
2S12;2S12.swf;2S12;Land;2S12
120mm_HE;120mm_HE.swf;120mm_HE;Land;120mm_HE
