Status;Descript;images;LinkedTo
Failed;No Product Found;120mm_HE_Face;File not found;
Failed;No Product Found;120mm_HE_Random;File not found;
Failed;No Product Found;120mm_HE_Side;File not found;
Failed;No Product Found;2S12_Face;File not found;
Failed;No Product Found;2S12_Random;File not found;
Failed;No Product Found;2S12_Side;File not found;
Failed;No Product Found;2S9_Face;File not found;
Failed;No Product Found;2S9_Random;File not found;
Failed;No Product Found;2S9_Side;File not found;
Failed;No Product Found;57MM_S60_Face;File not found;
Failed;No Product Found;57MM_S60_Random;File not found;
Failed;No Product Found;57MM_S60_Side;File not found;
Failed;No Product Found;A-10_Face;File not found;
Failed;No Product Found;A-10_Random;File not found;
Failed;No Product Found;A-10_Side;File not found;
Failed;No Product Found;A320_Face;File not found;
Failed;No Product Found;A320_Random;File not found;
Failed;No Product Found;A320_Side;File not found;
Failed;No Product Found;AAVc7A_Face;File not found;
Failed;No Product Found;AAVc7A_Random;File not found;
Failed;No Product Found;AAVc7A_Side;File not found;
Failed;No Product Found;AH-1W_Face;File not found;
Failed;No Product Found;AH-1W_Random;File not found;
Failed;No Product Found;AH-1W_Side;File not found;
Failed;No Product Found;AH-64A_Face;File not found;
Failed;No Product Found;AH-64A_Random;File not found;
Failed;No Product Found;AH-64A_Side;File not found;
Failed;No Product Found;AH-64D_Face;File not found;
Failed;No Product Found;AH-64D_Random;File not found;
Failed;No Product Found;AH-64D_Side;File not found;
Failed;No Product Found;airport_Face;File not found;
Failed;No Product Found;airport_Random;File not found;
Failed;No Product Found;airport_Side;File not found;
Failed;No Product Found;Alpha_Face;File not found;
Failed;No Product Found;Alpha_Random;File not found;
Failed;No Product Found;Alpha_Side;File not found;
Failed;No Product Found;AMX-30_Face;File not found;
Failed;No Product Found;AMX-30_Random;File not found;
Failed;No Product Found;AMX-30_Side;File not found;
Failed;No Product Found;AN-2_Face;File not found;
Failed;No Product Found;AN-2_Random;File not found;
Failed;No Product Found;AN-2_Side;File not found;
Failed;No Product Found;AN-TWQ-1-Avenger_Face;File not found;
Failed;No Product Found;AN-TWQ-1-Avenger_Random;File not found;
Failed;No Product Found;AN-TWQ-1-Avenger_Side;File not found;
Failed;No Product Found;ARH-70_Face;File not found;
Failed;No Product Found;ARH-70_Random;File not found;
Failed;No Product Found;ARH-70_Side;File not found;
Failed;No Product Found;Armed_Robotic_Vehicle_ARV_Face;File not found;
Failed;No Product Found;Armed_Robotic_Vehicle_ARV_Random;File not found;
Failed;No Product Found;Armed_Robotic_Vehicle_ARV_Side;File not found;
Failed;No Product Found;AS_90_Face;File not found;
Failed;No Product Found;AS_90_Random;File not found;
Failed;No Product Found;AS_90_Side;File not found;
Failed;No Product Found;AV-8B_Harrier_II_Face;File not found;
Failed;No Product Found;AV-8B_Harrier_II_Random;File not found;
Failed;No Product Found;AV-8B_Harrier_II_Side;File not found;
Failed;No Product Found;B-1_Lancer_Face;File not found;
Failed;No Product Found;B-1_Lancer_Random;File not found;
Failed;No Product Found;B-1_Lancer_Side;File not found;
Failed;No Product Found;B-10_Face;File not found;
Failed;No Product Found;B-10_Random;File not found;
Failed;No Product Found;B-10_Side;File not found;
Failed;No Product Found;B-2_Spirit_Face;File not found;
Failed;No Product Found;B-2_Spirit_Random;File not found;
Failed;No Product Found;B-2_Spirit_Side;File not found;
Failed;No Product Found;B-52_Face;File not found;
Failed;No Product Found;B-52_Random;File not found;
Failed;No Product Found;B-52_Side;File not found;
Failed;No Product Found;BAE_Black_Knight_Face;File not found;
Failed;No Product Found;BAE_Black_Knight_Random;File not found;
Failed;No Product Found;BAE_Black_Knight_Side;File not found;
Failed;No Product Found;BAe_Hawk_200_Face;File not found;
Failed;No Product Found;BAe_Hawk_200_Random;File not found;
Failed;No Product Found;BAe_Hawk_200_Side;File not found;
Failed;No Product Found;Bearcat_Face;File not found;
Failed;No Product Found;Bearcat_Random;File not found;
Failed;No Product Found;Bearcat_Side;File not found;
Failed;No Product Found;BGM-109_Face;File not found;
Failed;No Product Found;BGM-109_Random;File not found;
Failed;No Product Found;BGM-109_Side;File not found;
Failed;No Product Found;BMD-2_Face;File not found;
Failed;No Product Found;BMD-2_Random;File not found;
Failed;No Product Found;BMD-2_Side;File not found;
Failed;No Product Found;BMD-3_Face;File not found;
Failed;No Product Found;BMD-3_Random;File not found;
Failed;No Product Found;BMD-3_Side;File not found;
Failed;No Product Found;BMP-2_Face;File not found;
Failed;No Product Found;BMP-2_Random;File not found;
Failed;No Product Found;BMP-2_Side;File not found;
Failed;No Product Found;Boeing_747_Face;File not found;
Failed;No Product Found;Boeing_747_Random;File not found;
Failed;No Product Found;Boeing_747_Side;File not found;
Failed;No Product Found;Boeing_B-52D_Face;File not found;
Failed;No Product Found;Boeing_B-52D_Random;File not found;
Failed;No Product Found;Boeing_B-52D_Side;File not found;
Failed;No Product Found;Boeing-737_Face;File not found;
Failed;No Product Found;Boeing-737_Random;File not found;
Failed;No Product Found;Boeing-737_Side;File not found;
Failed;No Product Found;BRDM-2_Face;File not found;
Failed;No Product Found;BRDM-2_Random;File not found;
Failed;No Product Found;BRDM-2_Side;File not found;
Failed;No Product Found;BTR_152_Face;File not found;
Failed;No Product Found;BTR_152_Random;File not found;
Failed;No Product Found;BTR_152_Side;File not found;
Failed;No Product Found;BTR-80_Face;File not found;
Failed;No Product Found;BTR-80_Random;File not found;
Failed;No Product Found;BTR-80_Side;File not found;
Failed;No Product Found;Buffalo_Face;File not found;
Failed;No Product Found;Buffalo_Random;File not found;
Failed;No Product Found;Buffalo_Side;File not found;
Failed;No Product Found;BULL_Face;File not found;
Failed;No Product Found;BULL_Random;File not found;
Failed;No Product Found;BULL_Side;File not found;
Failed;No Product Found;BV206_Face;File not found;
Failed;No Product Found;BV206_Random;File not found;
Failed;No Product Found;BV206_Side;File not found;
Failed;No Product Found;C-12_Huron_Face;File not found;
Failed;No Product Found;C-12_Huron_Random;File not found;
Failed;No Product Found;C-12_Huron_Side;File not found;
Failed;No Product Found;C-130_Face;File not found;
Failed;No Product Found;C-130_Random;File not found;
Failed;No Product Found;C-130_Side;File not found;
Failed;No Product Found;C-141B_Starlifter_Face;File not found;
Failed;No Product Found;C-141B_Starlifter_Random;File not found;
Failed;No Product Found;C-141B_Starlifter_Side;File not found;
Failed;No Product Found;C23_Sherpa_Face;File not found;
Failed;No Product Found;C23_Sherpa_Random;File not found;
Failed;No Product Found;C23_Sherpa_Side;File not found;
Success;;C2V_Face;M4 Command and Control Vehicle (C2V)
Success;;C2V_Random;M4 Command and Control Vehicle (C2V)
Success;;C2V_Side;M4 Command and Control Vehicle (C2V)
Failed;No Product Found;Caesar_Face;File not found;
Failed;No Product Found;Caesar_Random;File not found;
Failed;No Product Found;Caesar_Side;File not found;
Failed;No Product Found;Caiman_Face;File not found;
Failed;No Product Found;Caiman_Random;File not found;
Failed;No Product Found;Caiman_Side;File not found;
Failed;No Product Found;Centauro_Face;File not found;
Failed;No Product Found;Centauro_Random;File not found;
Failed;No Product Found;Centauro_Side;File not found;
Failed;No Product Found;CH-47D_Face;File not found;
Failed;No Product Found;CH-47D_Random;File not found;
Failed;No Product Found;CH-47D_Side;File not found;
Failed;No Product Found;Challenger1_Face;File not found;
Failed;No Product Found;Challenger1_Random;File not found;
Failed;No Product Found;Challenger1_Side;File not found;
Failed;No Product Found;Cheetah_Face;File not found;
Failed;No Product Found;Cheetah_Random;File not found;
Failed;No Product Found;Cheetah_Side;File not found;
Failed;No Product Found;CHEVY_AFGHAN_Face;File not found;
Failed;No Product Found;CHEVY_AFGHAN_Random;File not found;
Failed;No Product Found;CHEVY_AFGHAN_Side;File not found;
Failed;No Product Found;Class_I_UAV_Face;File not found;
Failed;No Product Found;Class_I_UAV_Random;File not found;
Failed;No Product Found;Class_I_UAV_Side;File not found;
Failed;No Product Found;Class_II_UAV_Face;File not found;
Failed;No Product Found;Class_II_UAV_Random;File not found;
Failed;No Product Found;Class_II_UAV_Side;File not found;
Failed;No Product Found;Class_III_UAV_Face;File not found;
Failed;No Product Found;Class_III_UAV_Random;File not found;
Failed;No Product Found;Class_III_UAV_Side;File not found;
Failed;No Product Found;Class_IV_UAV_Face;File not found;
Failed;No Product Found;Class_IV_UAV_Random;File not found;
Failed;No Product Found;Class_IV_UAV_Side;File not found;
Failed;No Product Found;Command_and_Control_Vehicle_C2V_Face;File not found;
Failed;No Product Found;Command_and_Control_Vehicle_C2V_Random;File not found;
Failed;No Product Found;Command_and_Control_Vehicle_C2V_Side;File not found;
Failed;No Product Found;Cougar_6X6_Face;File not found;
Failed;No Product Found;Cougar_6X6_Random;File not found;
Failed;No Product Found;Cougar_6X6_Side;File not found;
Failed;No Product Found;Cougar_H_Series_4X4_Face;File not found;
Failed;No Product Found;Cougar_H_Series_4X4_Random;File not found;
Failed;No Product Found;Cougar_H_Series_4X4_Side;File not found;
Failed;No Product Found;Dana_Howitzer-77_Face;File not found;
Failed;No Product Found;Dana_Howitzer-77_Random;File not found;
Failed;No Product Found;Dana_Howitzer-77_Side;File not found;
Failed;No Product Found;DDG-1000_Zumwalt_Face;File not found;
Failed;No Product Found;DDG-1000_Zumwalt_Random;File not found;
Failed;No Product Found;DDG-1000_Zumwalt_Side;File not found;
Failed;No Product Found;Dingo_Face;File not found;
Failed;No Product Found;Dingo_Random;File not found;
Failed;No Product Found;Dingo_Side;File not found;
Failed;No Product Found;DSHK_Face;File not found;
Failed;No Product Found;DSHK_Random;File not found;
Failed;No Product Found;DSHK_Side;File not found;
Failed;No Product Found;DSHK-MOUNTED_Face;File not found;
Failed;No Product Found;DSHK-MOUNTED_Random;File not found;
Failed;No Product Found;DSHK-MOUNTED_Side;File not found;
Failed;No Product Found;E2C_Hawkeye_Face;File not found;
Failed;No Product Found;E2C_Hawkeye_Random;File not found;
Failed;No Product Found;E2C_Hawkeye_Side;File not found;
Failed;No Product Found;E3A_Face;File not found;
Failed;No Product Found;E3A_Random;File not found;
Failed;No Product Found;E3A_Side;File not found;
Failed;No Product Found;EA-6B_Face;File not found;
Failed;No Product Found;EA-6B_Random;File not found;
Failed;No Product Found;EA-6B_Side;File not found;
Failed;No Product Found;F-117_Face;File not found;
Failed;No Product Found;F-117_Random;File not found;
Failed;No Product Found;F-117_Side;File not found;
Failed;No Product Found;F-14A_Face;File not found;
Failed;No Product Found;F-14A_Random;File not found;
Failed;No Product Found;F-14A_Side;File not found;
Failed;No Product Found;F-15C_Face;File not found;
Failed;No Product Found;F-15C_Random;File not found;
Failed;No Product Found;F-15C_Side;File not found;
Failed;No Product Found;F-15E_Face;File not found;
Failed;No Product Found;F-15E_Random;File not found;
Failed;No Product Found;F-15E_Side;File not found;
Failed;No Product Found;F16_Face;File not found;
Failed;No Product Found;F16_Random;File not found;
Failed;No Product Found;F16_Side;File not found;
Failed;No Product Found;F-35_Face;File not found;
Failed;No Product Found;F-35_Random;File not found;
Failed;No Product Found;F-35_Side;File not found;
Failed;No Product Found;F4_Phantom_Face;File not found;
Failed;No Product Found;F4_Phantom_Random;File not found;
Failed;No Product Found;F4_Phantom_Side;File not found;
Failed;No Product Found;F-5_Face;File not found;
Failed;No Product Found;F-5_Random;File not found;
Failed;No Product Found;F-5_Side;File not found;
Failed;No Product Found;F-6A_Face;File not found;
Failed;No Product Found;F-6A_Random;File not found;
Failed;No Product Found;F-6A_Side;File not found;
Failed;No Product Found;FA-18C_Face;File not found;
Failed;No Product Found;FA-18C_Random;File not found;
Failed;No Product Found;FA-18C_Side;File not found;
Failed;No Product Found;FCS_MULE_Face;File not found;
Failed;No Product Found;FCS_MULE_Random;File not found;
Failed;No Product Found;FCS_MULE_Side;File not found;
Failed;No Product Found;fennek_Face;File not found;
Failed;No Product Found;fennek_Random;File not found;
Failed;No Product Found;fennek_Side;File not found;
Failed;No Product Found;Ford_Face;File not found;
Failed;No Product Found;Ford_Random;File not found;
Failed;No Product Found;Ford_Side;File not found;
Failed;No Product Found;FORD350_2_Utility_Face;File not found;
Failed;No Product Found;FORD350_2_Utility_Random;File not found;
Failed;No Product Found;FORD350_2_Utility_Side;File not found;
Failed;No Product Found;FRMV_Recovery_and_Maintenance_Vehicle_Face;File not found;
Failed;No Product Found;FRMV_Recovery_and_Maintenance_Vehicle_Random;File not found;
Failed;No Product Found;FRMV_Recovery_and_Maintenance_Vehicle_Side;File not found;
Failed;No Product Found;Frog-7B_Face;File not found;
Failed;No Product Found;Frog-7B_Random;File not found;
Failed;No Product Found;Frog-7B_Side;File not found;
Failed;No Product Found;FV101_SCORPION_Face;File not found;
Failed;No Product Found;FV101_SCORPION_Random;File not found;
Failed;No Product Found;FV101_SCORPION_Side;File not found;
Failed;No Product Found;FV103_Spartan_Face;File not found;
Failed;No Product Found;FV103_Spartan_Random;File not found;
Failed;No Product Found;FV103_Spartan_Side;File not found;
Failed;No Product Found;FV105_Face;File not found;
Failed;No Product Found;FV105_Random;File not found;
Failed;No Product Found;FV105_Side;File not found;
Failed;No Product Found;G5_155mm_Face;File not found;
Failed;No Product Found;G5_155mm_Random;File not found;
Failed;No Product Found;G5_155mm_Side;File not found;
Failed;No Product Found;G6_HOWITZER_Face;File not found;
Failed;No Product Found;G6_HOWITZER_Random;File not found;
Failed;No Product Found;G6_HOWITZER_Side;File not found;
Failed;No Product Found;Gaz-66_Face;File not found;
Failed;No Product Found;Gaz-66_Random;File not found;
Failed;No Product Found;Gaz-66_Side;File not found;
Failed;No Product Found;GMC_Sierra_Utility_Face;File not found;
Failed;No Product Found;GMC_Sierra_Utility_Random;File not found;
Failed;No Product Found;GMC_Sierra_Utility_Side;File not found;
Failed;No Product Found;HAWK_Face;File not found;
Failed;No Product Found;HAWK_Random;File not found;
Failed;No Product Found;HAWK_Side;File not found;
Failed;No Product Found;HMMWV_Face;File not found;
Failed;No Product Found;HMMWV_Random;File not found;
Failed;No Product Found;HMMWV_Side;File not found;
Failed;No Product Found;Husky_Face;File not found;
Failed;No Product Found;Husky_Random;File not found;
Failed;No Product Found;Husky_Side;File not found;
Failed;No Product Found;IED_Face;File not found;
Failed;No Product Found;IED_Random;File not found;
Failed;No Product Found;IED_Side;File not found;
Failed;No Product Found;IL-76_Face;File not found;
Failed;No Product Found;IL-76_Random;File not found;
Failed;No Product Found;IL-76_Side;File not found;
Failed;No Product Found;International_MaxxPro_MPV_Face;File not found;
Failed;No Product Found;International_MaxxPro_MPV_Random;File not found;
Failed;No Product Found;International_MaxxPro_MPV_Side;File not found;
Failed;No Product Found;Irobot_Packbot_Explorer_Face;File not found;
Failed;No Product Found;Irobot_Packbot_Explorer_Random;File not found;
Failed;No Product Found;Irobot_Packbot_Explorer_Side;File not found;
Failed;No Product Found;IVMMD_F-MDT_Face;File not found;
Failed;No Product Found;IVMMD_F-MDT_Random;File not found;
Failed;No Product Found;IVMMD_F-MDT_Side;File not found;
Failed;No Product Found;IVMMD_S-MDT_Face;File not found;
Failed;No Product Found;IVMMD_S-MDT_Random;File not found;
Failed;No Product Found;IVMMD_S-MDT_Side;File not found;
Failed;No Product Found;IVMMD_T-MDT_Face;File not found;
Failed;No Product Found;IVMMD_T-MDT_Random;File not found;
Failed;No Product Found;IVMMD_T-MDT_Side;File not found;
Failed;No Product Found;J10_Face;File not found;
Failed;No Product Found;J10_Random;File not found;
Failed;No Product Found;J10_Side;File not found;
Failed;No Product Found;Jaguar_Face;File not found;
Failed;No Product Found;Jaguar_Random;File not found;
Failed;No Product Found;Jaguar_Side;File not found;
Failed;No Product Found;KC-10A_Face;File not found;
Failed;No Product Found;KC-10A_Random;File not found;
Failed;No Product Found;KC-10A_Side;File not found;
Success;;KC-135_Face;Boeing  KC-135  Stratotanker
Success;;KC-135_Random;Boeing  KC-135  Stratotanker
Success;;KC-135_Side;Boeing  KC-135  Stratotanker
Failed;No Product Found;KE-3A_Face;File not found;
Failed;No Product Found;KE-3A_Random;File not found;
Failed;No Product Found;KE-3A_Side;File not found;
Failed;No Product Found;KittyHawk_Face;File not found;
Failed;No Product Found;KittyHawk_Random;File not found;
Failed;No Product Found;KittyHawk_Side;File not found;
Failed;No Product Found;Koni_Class_Face;File not found;
Failed;No Product Found;Koni_Class_Random;File not found;
Failed;No Product Found;Koni_Class_Side;File not found;
Failed;No Product Found;KPV_TOWED_Face;File not found;
Failed;No Product Found;KPV_TOWED_Random;File not found;
Failed;No Product Found;KPV_TOWED_Side;File not found;
Failed;No Product Found;KPV-MOUNTED_Face;File not found;
Failed;No Product Found;KPV-MOUNTED_Random;File not found;
Failed;No Product Found;KPV-MOUNTED_Side;File not found;
Failed;No Product Found;KRAZ_255_Face;File not found;
Failed;No Product Found;KRAZ_255_Random;File not found;
Failed;No Product Found;KRAZ_255_Side;File not found;
Failed;No Product Found;L-159_Face;File not found;
Failed;No Product Found;L-159_Random;File not found;
Failed;No Product Found;L-159_Side;File not found;
Failed;No Product Found;Leclerc_Face;File not found;
Failed;No Product Found;Leclerc_Random;File not found;
Failed;No Product Found;Leclerc_Side;File not found;
Failed;No Product Found;Leopard_C2A1_MEXAS_Face;File not found;
Failed;No Product Found;Leopard_C2A1_MEXAS_Random;File not found;
Failed;No Product Found;Leopard_C2A1_MEXAS_Side;File not found;
Failed;No Product Found;Luggage_Cart-001_Face;File not found;
Failed;No Product Found;Luggage_Cart-001_Random;File not found;
Failed;No Product Found;Luggage_Cart-001_Side;File not found;
Failed;No Product Found;M_1089_Face;File not found;
Failed;No Product Found;M_1089_Random;File not found;
Failed;No Product Found;M_1089_Side;File not found;
Failed;No Product Found;M1046_Face;File not found;
Failed;No Product Found;M1046_Random;File not found;
Failed;No Product Found;M1046_Side;File not found;
Failed;No Product Found;M1097_Face;File not found;
Failed;No Product Found;M1097_Random;File not found;
Failed;No Product Found;M1097_Side;File not found;
Failed;No Product Found;M109A6_Face;File not found;
Failed;No Product Found;M109A6_Random;File not found;
Failed;No Product Found;M109A6_Side;File not found;
Failed;No Product Found;M1117_Face;File not found;
Failed;No Product Found;M1117_Random;File not found;
Failed;No Product Found;M1117_Side;File not found;
Failed;No Product Found;M1126_M2_Face;File not found;
Failed;No Product Found;M1126_M2_Random;File not found;
Failed;No Product Found;M1126_M2_Side;File not found;
Failed;No Product Found;M1127_Face;File not found;
Failed;No Product Found;M1127_Random;File not found;
Failed;No Product Found;M1127_Side;File not found;
Failed;No Product Found;M1128_Face;File not found;
Failed;No Product Found;M1128_Random;File not found;
Failed;No Product Found;M1128_Side;File not found;
Failed;No Product Found;M113_Face;File not found;
Failed;No Product Found;M113_Random;File not found;
Failed;No Product Found;M113_Side;File not found;
Failed;No Product Found;M1130_Face;File not found;
Failed;No Product Found;M1130_Random;File not found;
Failed;No Product Found;M1130_Side;File not found;
Failed;No Product Found;M1131_Face;File not found;
Failed;No Product Found;M1131_Random;File not found;
Failed;No Product Found;M1131_Side;File not found;
Failed;No Product Found;M1133_Face;File not found;
Failed;No Product Found;M1133_Random;File not found;
Failed;No Product Found;M1133_Side;File not found;
Failed;No Product Found;M1135_Face;File not found;
Failed;No Product Found;M1135_Random;File not found;
Failed;No Product Found;M1135_Side;File not found;
Failed;No Product Found;M115_HOW_Face;File not found;
Failed;No Product Found;M115_HOW_Random;File not found;
Failed;No Product Found;M115_HOW_Side;File not found;
Failed;No Product Found;M1A2_Face;File not found;
Failed;No Product Found;M1A2_Random;File not found;
Failed;No Product Found;M1A2_Side;File not found;
Failed;No Product Found;M2_STAND_Face;File not found;
Failed;No Product Found;M2_STAND_Random;File not found;
Failed;No Product Found;M2_STAND_Side;File not found;
Failed;No Product Found;m220_Face;File not found;
Failed;No Product Found;m220_Random;File not found;
Failed;No Product Found;m220_Side;File not found;
Failed;No Product Found;M-220_Tow_Face;File not found;
Failed;No Product Found;M-220_Tow_Random;File not found;
Failed;No Product Found;M-220_Tow_Side;File not found;
Failed;No Product Found;M2-MOUNTED_Face;File not found;
Failed;No Product Found;M2-MOUNTED_Random;File not found;
Failed;No Product Found;M2-MOUNTED_Side;File not found;
Failed;No Product Found;M3_Bradley_Face;File not found;
Failed;No Product Found;M3_Bradley_Random;File not found;
Failed;No Product Found;M3_Bradley_Side;File not found;
Failed;No Product Found;M40_STAND_Face;File not found;
Failed;No Product Found;M40_STAND_Random;File not found;
Failed;No Product Found;M40_STAND_Side;File not found;
Failed;No Product Found;M60A3_Face;File not found;
Failed;No Product Found;M60A3_Random;File not found;
Failed;No Product Found;M60A3_Side;File not found;
Failed;No Product Found;M88A2_Face;File not found;
Failed;No Product Found;M88A2_Random;File not found;
Failed;No Product Found;M88A2_Side;File not found;
Failed;No Product Found;M901A3_Face;File not found;
Failed;No Product Found;M901A3_Random;File not found;
Failed;No Product Found;M901A3_Side;File not found;
Failed;No Product Found;MAG_GPNG_7-62_Face;File not found;
Failed;No Product Found;MAG_GPNG_7-62_Random;File not found;
Failed;No Product Found;MAG_GPNG_7-62_Side;File not found;
Failed;No Product Found;MAV_Face;File not found;
Failed;No Product Found;MAV_Random;File not found;
Failed;No Product Found;MAV_Side;File not found;
Failed;No Product Found;Medical_Vehicle_MV_Face;File not found;
Failed;No Product Found;Medical_Vehicle_MV_Random;File not found;
Failed;No Product Found;Medical_Vehicle_MV_Side;File not found;
Failed;No Product Found;Meerkat_Face;File not found;
Failed;No Product Found;Meerkat_Random;File not found;
Failed;No Product Found;Meerkat_Side;File not found;
Failed;No Product Found;MI-28_Havoc_Face;File not found;
Failed;No Product Found;MI-28_Havoc_Random;File not found;
Failed;No Product Found;MI-28_Havoc_Side;File not found;
Failed;No Product Found;Mi-2UPR_Face;File not found;
Failed;No Product Found;Mi-2UPR_Random;File not found;
Failed;No Product Found;Mi-2UPR_Side;File not found;
Failed;No Product Found;Mig-25_Face;File not found;
Failed;No Product Found;Mig-25_Random;File not found;
Failed;No Product Found;Mig-25_Side;File not found;
Failed;No Product Found;MiG-29_Face;File not found;
Failed;No Product Found;MiG-29_Random;File not found;
Failed;No Product Found;MiG-29_Side;File not found;
Failed;No Product Found;MIG-31_Face;File not found;
Failed;No Product Found;MIG-31_Random;File not found;
Failed;No Product Found;MIG-31_Side;File not found;
Failed;No Product Found;Military_Bus_Face;File not found;
Failed;No Product Found;Military_Bus_Random;File not found;
Failed;No Product Found;Military_Bus_Side;File not found;
Failed;No Product Found;MIRAGE_2000C_Face;File not found;
Failed;No Product Found;MIRAGE_2000C_Random;File not found;
Failed;No Product Found;MIRAGE_2000C_Side;File not found;
Failed;No Product Found;Mirage_F1_Face;File not found;
Failed;No Product Found;Mirage_F1_Random;File not found;
Failed;No Product Found;Mirage_F1_Side;File not found;
Failed;No Product Found;Mirage-3_Face;File not found;
Failed;No Product Found;Mirage-3_Random;File not found;
Failed;No Product Found;Mirage-3_Side;File not found;
Failed;No Product Found;Mirage-5_Face;File not found;
Failed;No Product Found;Mirage-5_Random;File not found;
Failed;No Product Found;Mirage-5_Side;File not found;
Failed;No Product Found;MK_19_Face;File not found;
Failed;No Product Found;MK_19_Random;File not found;
Failed;No Product Found;MK_19_Side;File not found;
Failed;No Product Found;MLRS-M270_Face;File not found;
Failed;No Product Found;MLRS-M270_Random;File not found;
Failed;No Product Found;MLRS-M270_Side;File not found;
Failed;No Product Found;Mortar_2B14_1_Face;File not found;
Failed;No Product Found;Mortar_2B14_1_Random;File not found;
Failed;No Product Found;Mortar_2B14_1_Side;File not found;
Failed;No Product Found;Mortar_2S12_Face;File not found;
Failed;No Product Found;Mortar_2S12_Random;File not found;
Failed;No Product Found;Mortar_2S12_Side;File not found;
Failed;No Product Found;MULE_Armed_Robotic_Vehicule_ARVA-L_Face;File not found;
Failed;No Product Found;MULE_Armed_Robotic_Vehicule_ARVA-L_Random;File not found;
Failed;No Product Found;MULE_Armed_Robotic_Vehicule_ARVA-L_Side;File not found;
Failed;No Product Found;MULE_Mine_Clearing_Face;File not found;
Failed;No Product Found;MULE_Mine_Clearing_Random;File not found;
Failed;No Product Found;MULE_Mine_Clearing_Side;File not found;
Failed;No Product Found;MULE_Transport_Face;File not found;
Failed;No Product Found;MULE_Transport_Random;File not found;
Failed;No Product Found;MULE_Transport_Side;File not found;
Failed;No Product Found;Multifunctional_Utility_Logistics_and_Equipment_MULE_Darpa_Face;File not found;
Failed;No Product Found;Multifunctional_Utility_Logistics_and_Equipment_MULE_Darpa_Random;File not found;
Failed;No Product Found;Multifunctional_Utility_Logistics_and_Equipment_MULE_Darpa_Side;File not found;
Failed;No Product Found;Oshkosh_Bushmaster_Face;File not found;
Failed;No Product Found;Oshkosh_Bushmaster_Random;File not found;
Failed;No Product Found;Oshkosh_Bushmaster_Side;File not found;
Failed;No Product Found;pac3_Face;File not found;
Failed;No Product Found;pac3_Random;File not found;
Failed;No Product Found;pac3_Side;File not found;
Failed;No Product Found;PAC3_M901_Face;File not found;
Failed;No Product Found;PAC3_M901_Random;File not found;
Failed;No Product Found;PAC3_M901_Side;File not found;
Failed;No Product Found;Pandur_II_6X6_KD-V30_Face;File not found;
Failed;No Product Found;Pandur_II_6X6_KD-V30_Random;File not found;
Failed;No Product Found;Pandur_II_6X6_KD-V30_Side;File not found;
Failed;No Product Found;Pantsyr_S1_Air_Defense_Face;File not found;
Failed;No Product Found;Pantsyr_S1_Air_Defense_Random;File not found;
Failed;No Product Found;Pantsyr_S1_Air_Defense_Side;File not found;
Failed;No Product Found;patria_Face;File not found;
Failed;No Product Found;patria_Random;File not found;
Failed;No Product Found;patria_Side;File not found;
Failed;No Product Found;Patrolboat_Sing_Face;File not found;
Failed;No Product Found;Patrolboat_Sing_Random;File not found;
Failed;No Product Found;Patrolboat_Sing_Side;File not found;
Failed;No Product Found;PC-9_Face;File not found;
Failed;No Product Found;PC-9_Random;File not found;
Failed;No Product Found;PC-9_Side;File not found;
Failed;No Product Found;Pelikan_Face;File not found;
Failed;No Product Found;Pelikan_Random;File not found;
Failed;No Product Found;Pelikan_Side;File not found;
Failed;No Product Found;RAFAEL_Golan_Face;File not found;
Failed;No Product Found;RAFAEL_Golan_Random;File not found;
Failed;No Product Found;RAFAEL_Golan_Side;File not found;
Failed;No Product Found;RC135_Face;File not found;
Failed;No Product Found;RC135_Random;File not found;
Failed;No Product Found;RC135_Side;File not found;
Failed;No Product Found;RG-31_Face;File not found;
Failed;No Product Found;RG-31_Random;File not found;
Failed;No Product Found;RG-31_Side;File not found;
Failed;No Product Found;RG-33_Face;File not found;
Failed;No Product Found;RG-33_Random;File not found;
Failed;No Product Found;RG-33_Side;File not found;
Failed;No Product Found;Robot_Talon_Face;File not found;
Failed;No Product Found;Robot_Talon_Random;File not found;
Failed;No Product Found;Robot_Talon_Side;File not found;
Failed;No Product Found;Robot_Talon_GRENADE_Face;File not found;
Failed;No Product Found;Robot_Talon_GRENADE_Random;File not found;
Failed;No Product Found;Robot_Talon_GRENADE_Side;File not found;
Failed;No Product Found;Robot_Talon_SWORD_Face;File not found;
Failed;No Product Found;Robot_Talon_SWORD_Random;File not found;
Failed;No Product Found;Robot_Talon_SWORD_Side;File not found;
Failed;No Product Found;RQ-1A_Predator_Face;File not found;
Failed;No Product Found;RQ-1A_Predator_Random;File not found;
Failed;No Product Found;RQ-1A_Predator_Side;File not found;
Failed;No Product Found;RQ-8A_Face;File not found;
Failed;No Product Found;RQ-8A_Random;File not found;
Failed;No Product Found;RQ-8A_Side;File not found;
Failed;No Product Found;RSV_Recon_and_Surveillance_Vehicle_Face;File not found;
Failed;No Product Found;RSV_Recon_and_Surveillance_Vehicle_Random;File not found;
Failed;No Product Found;RSV_Recon_and_Surveillance_Vehicle_Side;File not found;
Failed;No Product Found;S-200_SA-5_GAMMON_Face;File not found;
Failed;No Product Found;S-200_SA-5_GAMMON_Random;File not found;
Failed;No Product Found;S-200_SA-5_GAMMON_Side;File not found;
Failed;No Product Found;S-3B_viking_Face;File not found;
Failed;No Product Found;S-3B_viking_Random;File not found;
Failed;No Product Found;S-3B_viking_Side;File not found;
Failed;No Product Found;S60_Face;File not found;
Failed;No Product Found;S60_Random;File not found;
Failed;No Product Found;S60_Side;File not found;
Success;;S-92_Sikorsky_Face;Sikorsky  S-92
Success;;S-92_Sikorsky_Random;Sikorsky  S-92
Success;;S-92_Sikorsky_Side;Sikorsky  S-92
Failed;No Product Found;SA-15-Gauntlet_Face;File not found;
Failed;No Product Found;SA-15-Gauntlet_Random;File not found;
Failed;No Product Found;SA-15-Gauntlet_Side;File not found;
Failed;No Product Found;SA-19-Grison_Face;File not found;
Failed;No Product Found;SA-19-Grison_Random;File not found;
Failed;No Product Found;SA-19-Grison_Side;File not found;
Failed;No Product Found;Sa-2_Face;File not found;
Failed;No Product Found;Sa-2_Random;File not found;
Failed;No Product Found;Sa-2_Side;File not found;
Failed;No Product Found;Sa-4_Face;File not found;
Failed;No Product Found;Sa-4_Random;File not found;
Failed;No Product Found;Sa-4_Side;File not found;
Failed;No Product Found;SA-6_Face;File not found;
Failed;No Product Found;SA-6_Random;File not found;
Failed;No Product Found;SA-6_Side;File not found;
Failed;No Product Found;Saxon_Face;File not found;
Failed;No Product Found;Saxon_Random;File not found;
Failed;No Product Found;Saxon_Side;File not found;
Failed;No Product Found;ScanEagle_Face;File not found;
Failed;No Product Found;ScanEagle_Random;File not found;
Failed;No Product Found;ScanEagle_Side;File not found;
Failed;No Product Found;Shadow-200_Face;File not found;
Failed;No Product Found;Shadow-200_Random;File not found;
Failed;No Product Found;Shadow-200_Side;File not found;
Failed;No Product Found;Silver_Fox_Face;File not found;
Failed;No Product Found;Silver_Fox_Random;File not found;
Failed;No Product Found;Silver_Fox_Side;File not found;
Failed;No Product Found;Skylark_Face;File not found;
Failed;No Product Found;Skylark_Random;File not found;
Failed;No Product Found;Skylark_Side;File not found;
Failed;No Product Found;Small_Unmanned_Ground_Vehicle_SUGV_Face;File not found;
Failed;No Product Found;Small_Unmanned_Ground_Vehicle_SUGV_Random;File not found;
Failed;No Product Found;Small_Unmanned_Ground_Vehicle_SUGV_Side;File not found;
Failed;No Product Found;Stryker(M1126)_Face;File not found;
Failed;No Product Found;Stryker(M1126)_Random;File not found;
Failed;No Product Found;Stryker(M1126)_Side;File not found;
Failed;No Product Found;SU_22_M4_Face;File not found;
Failed;No Product Found;SU_22_M4_Random;File not found;
Failed;No Product Found;SU_22_M4_Side;File not found;
Failed;No Product Found;SU_37_Face;File not found;
Failed;No Product Found;SU_37_Random;File not found;
Failed;No Product Found;SU_37_Side;File not found;
Failed;No Product Found;SU-24_Face;File not found;
Failed;No Product Found;SU-24_Random;File not found;
Failed;No Product Found;SU-24_Side;File not found;
Failed;No Product Found;Su-27_Face;File not found;
Failed;No Product Found;Su-27_Random;File not found;
Failed;No Product Found;Su-27_Side;File not found;
Failed;No Product Found;Su-30MKI_Face;File not found;
Failed;No Product Found;Su-30MKI_Random;File not found;
Failed;No Product Found;Su-30MKI_Side;File not found;
Failed;No Product Found;Su-30MKK_Face;File not found;
Failed;No Product Found;Su-30MKK_Random;File not found;
Failed;No Product Found;Su-30MKK_Side;File not found;
Failed;No Product Found;SuperWedge_Launcher_Face;File not found;
Failed;No Product Found;SuperWedge_Launcher_Random;File not found;
Failed;No Product Found;SuperWedge_Launcher_Side;File not found;
Failed;No Product Found;T-45a_Goshawk_Face;File not found;
Failed;No Product Found;T-45a_Goshawk_Random;File not found;
Failed;No Product Found;T-45a_Goshawk_Side;File not found;
Failed;No Product Found;T80UM1_Face;File not found;
Failed;No Product Found;T80UM1_Random;File not found;
Failed;No Product Found;T80UM1_Side;File not found;
Failed;No Product Found;T90_Face;File not found;
Failed;No Product Found;T90_Random;File not found;
Failed;No Product Found;T90_Side;File not found;
Failed;No Product Found;trailer_generator-001_Face;File not found;
Failed;No Product Found;trailer_generator-001_Random;File not found;
Failed;No Product Found;trailer_generator-001_Side;File not found;
Failed;No Product Found;trailer_generator-002_Face;File not found;
Failed;No Product Found;trailer_generator-002_Random;File not found;
Failed;No Product Found;trailer_generator-002_Side;File not found;
Failed;No Product Found;truck_007_Face;File not found;
Failed;No Product Found;truck_007_Random;File not found;
Failed;No Product Found;truck_007_Side;File not found;
Failed;No Product Found;truck_017B_Face;File not found;
Failed;No Product Found;truck_017B_Random;File not found;
Failed;No Product Found;truck_017B_Side;File not found;
Failed;No Product Found;truck-010-jingle_Face;File not found;
Failed;No Product Found;truck-010-jingle_Random;File not found;
Failed;No Product Found;truck-010-jingle_Side;File not found;
Failed;No Product Found;truck-024_usairways_Face;File not found;
Failed;No Product Found;truck-024_usairways_Random;File not found;
Failed;No Product Found;truck-024_usairways_Side;File not found;
Failed;No Product Found;truck-025_united_Face;File not found;
Failed;No Product Found;truck-025_united_Random;File not found;
Failed;No Product Found;truck-025_united_Side;File not found;
Failed;No Product Found;truck-027_UB-16_Face;File not found;
Failed;No Product Found;truck-027_UB-16_Random;File not found;
Failed;No Product Found;truck-027_UB-16_Side;File not found;
Failed;No Product Found;truck-028_M2_Face;File not found;
Failed;No Product Found;truck-028_M2_Random;File not found;
Failed;No Product Found;truck-028_M2_Side;File not found;
Failed;No Product Found;truck-029_united_Face;File not found;
Failed;No Product Found;truck-029_united_Random;File not found;
Failed;No Product Found;truck-029_united_Side;File not found;
Failed;No Product Found;Tu22M3_Face;File not found;
Failed;No Product Found;Tu22M3_Random;File not found;
Failed;No Product Found;Tu22M3_Side;File not found;
Failed;No Product Found;Type_63_MRL_Face;File not found;
Failed;No Product Found;Type_63_MRL_Random;File not found;
Failed;No Product Found;Type_63_MRL_Side;File not found;
Failed;No Product Found;TYPE63_ROCKET_Face;File not found;
Failed;No Product Found;TYPE63_ROCKET_Random;File not found;
Failed;No Product Found;TYPE63_ROCKET_Side;File not found;
Failed;No Product Found;Type69_Face;File not found;
Failed;No Product Found;Type69_Random;File not found;
Failed;No Product Found;Type69_Side;File not found;
Failed;No Product Found;U-2_Spy_plane_Face;File not found;
Failed;No Product Found;U-2_Spy_plane_Random;File not found;
Failed;No Product Found;U-2_Spy_plane_Side;File not found;
Failed;No Product Found;UGV_MULE_Face;File not found;
Failed;No Product Found;UGV_MULE_Random;File not found;
Failed;No Product Found;UGV_MULE_Side;File not found;
Failed;No Product Found;V-22_Face;File not found;
Failed;No Product Found;V-22_Random;File not found;
Failed;No Product Found;V-22_Side;File not found;
Failed;No Product Found;VAB_4x4_Face;File not found;
Failed;No Product Found;VAB_4x4_Random;File not found;
Failed;No Product Found;VAB_4x4_Side;File not found;
Failed;No Product Found;VBL_Face;File not found;
Failed;No Product Found;VBL_Random;File not found;
Failed;No Product Found;VBL_Side;File not found;
Failed;No Product Found;Warrior_ERMP_Face;File not found;
Failed;No Product Found;Warrior_ERMP_Random;File not found;
Failed;No Product Found;Warrior_ERMP_Side;File not found;
Failed;No Product Found;Watchkeeper_Face;File not found;
Failed;No Product Found;Watchkeeper_Random;File not found;
Failed;No Product Found;Watchkeeper_Side;File not found;
Failed;No Product Found;Wiesel_Oselot_Face;File not found;
Failed;No Product Found;Wiesel_Oselot_Random;File not found;
Failed;No Product Found;Wiesel_Oselot_Side;File not found;
Failed;No Product Found;Zil_Face;File not found;
Failed;No Product Found;Zil_Random;File not found;
Failed;No Product Found;Zil_Side;File not found;
Success;;ZILH131_Face;ZIL-131 6x6 3500-kg truck
Success;;ZILH131_Random;ZIL-131 6x6 3500-kg truck
Success;;ZILH131_Side;ZIL-131 6x6 3500-kg truck
Failed;No Product Found;ZPU-4_Face;File not found;
Failed;No Product Found;ZPU-4_Random;File not found;
Failed;No Product Found;ZPU-4_Side;File not found;
Failed;No Product Found;ZSU23-4_Face;File not found;
Failed;No Product Found;ZSU23-4_Random;File not found;
Failed;No Product Found;ZSU23-4_Side;File not found;
Failed;No Product Found;ZU_23_2_Face;File not found;
Failed;No Product Found;ZU_23_2_Random;File not found;
Failed;No Product Found;ZU_23_2_Side;File not found;
